date,original_text,processed_text,sentiment,compound_score,subjectivity,entities,source,url,topics
2025-01-04 01:39:51,"Official Discussion Megathread (Wallace & Gromit: Vengeance Most Fowl / Nightbitch / Nosferatu / a Complete Unknown / Babygirl / The Fire Inside / The Order) # New Theatrical Releases

[A Complete Unknown](https://old.reddit.com/r/movies/comments/1hlsi27/official_discussion_a_complete_unknown_spoilers/?)

[The Fire Inside](https://old.reddit.com/r/movies/comments/1hlsi3n/official_discussion_the_fire_inside_spoilers/?)

[Nosferatu](https://old.reddit.com/r/movies/comments/1hmffh4/official_discussion_nosferatu_2024_spoilers/?)

[Babygirl](https://old.reddit.com/r/movies/comments/1hmffj8/official_discussion_babygirl_spoilers/?)

# Streaming Releases

[Wallace & Gromit: Vengeance Most Fowl](https://old.reddit.com/r/movies/comments/1hsvowt/official_discussion_wallace_gromit_vengeance_most/?)

[Nightbitch](https://old.reddit.com/r/movies/comments/1homiqy/official_discussion_nightbitch_spoilers/)

[The Order](https://old.reddit.com/r/movies/comments/1hlsi4b/official_discussion_the_order_spoilers/?) on VOD

[Juror #2](https://old.reddit.com/r/movies/comments/1hjiwvb/official_discussion_juror_2_spoilers/?) on MAX

# Still in Theaters

[Sonic the Hedgehog 3](https://old.reddit.com/r/movies/comments/1hiae45/official_discussion_sonic_the_hedgehog_3_spoilers/?)

[Mufasa: The Lion King](https://old.reddit.com/r/movies/comments/1hiae58/official_discussion_mufasa_the_lion_king_spoilers/?)

[Wicked: Part 1](https://old.reddit.com/r/movies/comments/1gwxxy1/official_discussion_wicked_part_i_spoilers/)

[Moana 2](https://old.reddit.com/r/movies/comments/1h0uevk/official_discussion_moana_2_spoilers/)

[Gladiator II](https://old.reddit.com/r/movies/comments/1gwxxwd/official_discussion_gladiator_ii_spoilers/)

[Kraven the Hunter](https://old.reddit.com/r/movies/comments/1hd2v8v/official_discussion_kraven_the_hunter_spoilers/?)

[The Lord of the Rings: The War of Rohirrim](https://old.reddit.com/r/movies/comments/1hd2vab/official_discussion_the_lord_of_the_rings_the_war/?)",official discussion megathread wallace gromit vengeance fowl nightbitch nosferatu complete unknown babygirl fire inside order new theatrical release complete unknown fire inside nosferatu babygirl streaming release wallace gromit vengeance fowl nightbitch order vod juror 2 max still theater sonic hedgehog 3 mufasa lion king wicked part 1 moana 2 gladiator ii kraven hunter lord ring war rohirrim,negative,-0.9022,0.4090909090909091,"[('Wallace & Gromit', 'ORG'), ('The Fire Inside](https://old.reddit.com/r/', 'WORK_OF_ART'), ('Streaming Releases', 'PERSON'), ('Wallace & Gromit', 'ORG'), ('Order](https://old.reddit.com', 'ORG'), ('VOD', 'ORG'), ('2](https://old.reddit.com', 'MONEY'), ('MAX', 'ORG'), ('Theaters', 'NORP'), ('Hedgehog', 'NORP'), ('The Lion King](https://old.reddit.com', 'ORG'), ('Moana', 'PERSON'), ('Kraven the Hunter](https://old.reddit.com', 'ORG'), ('The Lord of the Rings: The War of Rohirrim](https://old.reddit.com/r/movies/comments/1hd2vab/official_discussion_the_lord_of_the_rings_the_war/?', 'WORK_OF_ART')]",reddit,https://www.reddit.com/r/movies/comments/1hsvqaz/official_discussion_megathread_wallace_gromit/,"[{'movie': 0.030609494, 'film': 0.026324794, 'josh': 0.023135385, 'best': 0.021116959, '2025': 0.020319898, 'theater': 0.019929346, 'nosferatu': 0.018979697, 'example': 0.018879183, 'bad': 0.018644204, 'scene': 0.018541832}, {'work': 0.029303119, 'official': 0.02424772, 'man': 0.022986613, 'companion': 0.02245265, 'like': 0.02038665, 'trailer': 0.019819034, 'role': 0.019416621, 'scene': 0.018751485, 'new': 0.018191963, 'land': 0.018178588}, {'best': 0.0341494, 'movie': 0.03371508, 'moore': 0.026196359, 'dark': 0.024689257, 'star': 0.024383346, 'scene': 0.023438985, 'trailer': 0.021807937, 'fun': 0.020857701, 'official': 0.018471409, 'performance': 0.015806373}, {'feel': 0.028094033, 'working': 0.025147963, 'trailer': 0.022335025, 'et': 0.022019861, 'movie': 0.021616353, 'man': 0.01963983, 'official': 0.019031532, 'like': 0.016505206, 'spent': 0.014873584, 'life': 0.014868411}, {'movie': 0.034532577, 'really': 0.021510182, 'land': 0.01971894, 'starring': 0.019064132, 'lost': 0.01766466, 'moment': 0.0156035395, 'time': 0.015482848, 'official': 0.015458546, 'little': 0.014956941, 'perfect': 0.014929011}]"
2025-01-06 06:50:03,"Official Golden Globes 2025 Discussion Sorry for the delay.

[This is the Official 2025 Golden Globes discussion thread.](https://i.imgur.com/brkn0M2.png)

Please keep any discussion of the Golden Globes in this thread. Separate threads for winners will be judged based on context, but the winners will be updated in this thread as they happen. I'll only be adding the movies winners and not the television ones. It's starting at 8:00 PM ET on CBS.

* Best Supporting Actress: Zoe Saldana, **Emilia Perez**
* Best Supporting Actor: Kieran Culkin, **A Real Pain**
* Best Screenplay: Peter Straughan, **Conclave**
* Best Non-English Language Film: **Emilia Perez**
* Best Actress in a Motion Picture Musical or Comedy: Demi Moore, **The Substance**
* Best Actor in a Motion Picture Musical or Comedy: Sebastian Stan, **A Different Man**
* Best Animated Film: **Flow**
* Best Director: Brady Corbet, **The Brutalist**
* Best Actor in a Motion Picture Drama: Adrien Brody, **The Brutalist**
* Best Score:  Trent Reznor and Atticus Ross, **Challengers**
* Best Song:  El Mal, **Emilia Perez**
* Cinematic Box Office Achievement: **Wicked**
* Best Picture Musical or Comedy: **Emilia Perez**
* Best Actress in a Motion Picture Drama: Fernanda Torres, **I'm Still Here**
* Best Picture Drama: **The Brutalist**

This thread will have comments sorted by new to keep fresh discussion at the top.",official golden globe 2025 discussion sorry delay official 2025 golden globe discussion thread please keep discussion golden globe thread separate thread winner judged based context winner updated thread happen ill adding movie winner television one starting 800 pm et cbs best supporting actress zoe saldana emilia perez best supporting actor kieran culkin real pain best screenplay peter straughan conclave best nonenglish language film emilia perez best actress motion picture musical comedy demi moore substance best actor motion picture musical comedy sebastian stan different man best animated film flow best director brady corbet brutalist best actor motion picture drama adrien brody brutalist best score trent reznor atticus ross challenger best song el mal emilia perez cinematic box office achievement wicked best picture musical comedy emilia perez best actress motion picture drama fernanda torres im still best picture drama brutalist thread comment sorted new keep fresh discussion top,positive,0.9977,0.3501466275659824,"[('Golden Globes', 'PERSON'), ('2025', 'DATE'), ('the Golden Globes', 'FAC'), ('8:00 PM ET', 'TIME'), ('CBS', 'ORG'), ('Saldana', 'PERSON'), ('Emilia Perez', 'PERSON'), ('Kieran Culkin', 'PERSON'), ('Peter Straughan', 'PERSON'), ('Emilia Perez', 'PERSON'), ('Comedy', 'PERSON'), ('Demi Moore', 'PERSON'), ('Comedy', 'PERSON'), ('Sebastian Stan', 'PERSON'), ('Brady Corbet', 'PERSON'), ('Adrien Brody', 'PERSON'), ('Trent Reznor', 'GPE'), ('Atticus Ross', 'PERSON'), ('El Mal', 'PERSON'), ('Emilia Perez', 'PERSON'), ('Cinematic Box Office Achievement', 'ORG'), ('Comedy', 'PERSON'), ('Emilia Perez', 'PERSON')]",reddit,https://www.reddit.com/r/movies/comments/1hun2p2/official_golden_globes_2025_discussion/,"[{'movie': 0.030609494, 'film': 0.026324794, 'josh': 0.023135385, 'best': 0.021116959, '2025': 0.020319898, 'theater': 0.019929346, 'nosferatu': 0.018979697, 'example': 0.018879183, 'bad': 0.018644204, 'scene': 0.018541832}, {'work': 0.029303119, 'official': 0.02424772, 'man': 0.022986613, 'companion': 0.02245265, 'like': 0.02038665, 'trailer': 0.019819034, 'role': 0.019416621, 'scene': 0.018751485, 'new': 0.018191963, 'land': 0.018178588}, {'best': 0.0341494, 'movie': 0.03371508, 'moore': 0.026196359, 'dark': 0.024689257, 'star': 0.024383346, 'scene': 0.023438985, 'trailer': 0.021807937, 'fun': 0.020857701, 'official': 0.018471409, 'performance': 0.015806373}, {'feel': 0.028094033, 'working': 0.025147963, 'trailer': 0.022335025, 'et': 0.022019861, 'movie': 0.021616353, 'man': 0.01963983, 'official': 0.019031532, 'like': 0.016505206, 'spent': 0.014873584, 'life': 0.014868411}, {'movie': 0.034532577, 'really': 0.021510182, 'land': 0.01971894, 'starring': 0.019064132, 'lost': 0.01766466, 'moment': 0.0156035395, 'time': 0.015482848, 'official': 0.015458546, 'little': 0.014956941, 'perfect': 0.014929011}]"
2025-01-09 22:27:16,"Official Poster for 'A Working Man' Starring Jason Statham - Levon Cade left his profession behind to work construction and be a good dad to his daughter. But when a local girl vanishes, he's asked to return to the skills that made him a mythic figure in the shadowy world of counter-terrorism. ",official poster working man starring jason statham levon cade left profession behind work construction good dad daughter local girl vanishes he asked return skill made mythic figure shadowy world counterterrorism,positive,0.4404,0.325,"[(""Working Man'"", 'ORG'), ('Starring Jason Statham - Levon Cade', 'PERSON')]",reddit,https://i.redd.it/yx0gd6fu00ce1.jpeg,"[{'movie': 0.030609494, 'film': 0.026324794, 'josh': 0.023135385, 'best': 0.021116959, '2025': 0.020319898, 'theater': 0.019929346, 'nosferatu': 0.018979697, 'example': 0.018879183, 'bad': 0.018644204, 'scene': 0.018541832}, {'work': 0.029303119, 'official': 0.02424772, 'man': 0.022986613, 'companion': 0.02245265, 'like': 0.02038665, 'trailer': 0.019819034, 'role': 0.019416621, 'scene': 0.018751485, 'new': 0.018191963, 'land': 0.018178588}, {'best': 0.0341494, 'movie': 0.03371508, 'moore': 0.026196359, 'dark': 0.024689257, 'star': 0.024383346, 'scene': 0.023438985, 'trailer': 0.021807937, 'fun': 0.020857701, 'official': 0.018471409, 'performance': 0.015806373}, {'feel': 0.028094033, 'working': 0.025147963, 'trailer': 0.022335025, 'et': 0.022019861, 'movie': 0.021616353, 'man': 0.01963983, 'official': 0.019031532, 'like': 0.016505206, 'spent': 0.014873584, 'life': 0.014868411}, {'movie': 0.034532577, 'really': 0.021510182, 'land': 0.01971894, 'starring': 0.019064132, 'lost': 0.01766466, 'moment': 0.0156035395, 'time': 0.015482848, 'official': 0.015458546, 'little': 0.014956941, 'perfect': 0.014929011}]"
2025-01-09 18:51:51,"Just rewatched Galaxy Quest: Such a phenomenal movie; fun and hilarious with so many great one liners! Go watch it if you haven’t! This movie is something special. The cast meshes extremely well. Sigourney Weaver was smoking hot in the movie and delivers some phenomenal jokes. Tim Allen is at his peak. Alan Rickman is clearly an actor above the rest and without him, this movie just isn’t the same. He plays his role to perfection. Then you have Sam Rockwell. Easily one of my favorite movies for him. Finally, he’s a bit of a sleeper in this movie, but Tony Shalhoub was quietly hilarious too.  

What I love about this movie is that it’s not just a comedic spoof of Star Trek. I really enjoyed the story which had a surprising number of endearing moments. 

Some of my favorites lines in this movie:

*lands on ship* …….Aaaahhhhhhhhhh

Wait! Don’t open that! It’s an alien planet!!! Is there air?! You don’t know!!!….sniff sniff…seems like there is air

We have to get out of here before they kill guy!!

Guy, you have a last name. Do I?!?! Do I?!?!?!

Besides…..hehehehehe, I just had this really interesting idea. Guy: Are you stoned?

Well screw that!

The list goes on. If you haven’t seen it, go watch it!!",rewatched galaxy quest phenomenal movie fun hilarious many great one liner go watch havent movie something special cast mesh extremely well sigourney weaver smoking hot movie delivers phenomenal joke tim allen peak alan rickman clearly actor rest without movie isnt play role perfection sam rockwell easily one favorite movie finally he bit sleeper movie tony shalhoub quietly hilarious love movie comedic spoof star trek really enjoyed story surprising number endearing moment favorite line movie land ship aaaahhhhhhhhhh wait dont open alien planet air dont knowsniff sniffseems like air get kill guy guy last name besideshehehehehe really interesting idea guy stoned well screw list go havent seen go watch,positive,0.9865,0.6418650793650793,"[('one', 'CARDINAL'), ('Sigourney Weaver', 'PERSON'), ('Tim Allen', 'PERSON'), ('Alan Rickman', 'PERSON'), ('Sam Rockwell', 'PERSON'), ('one', 'CARDINAL'), ('Tony Shalhoub', 'PERSON'), ('Star Trek', 'WORK_OF_ART'), ('.sniff', 'ORG'), ('Guy', 'PERSON')]",reddit,https://www.reddit.com/r/movies/comments/1hxcnsd/just_rewatched_galaxy_quest_such_a_phenomenal/,"[{'movie': 0.030609494, 'film': 0.026324794, 'josh': 0.023135385, 'best': 0.021116959, '2025': 0.020319898, 'theater': 0.019929346, 'nosferatu': 0.018979697, 'example': 0.018879183, 'bad': 0.018644204, 'scene': 0.018541832}, {'work': 0.029303119, 'official': 0.02424772, 'man': 0.022986613, 'companion': 0.02245265, 'like': 0.02038665, 'trailer': 0.019819034, 'role': 0.019416621, 'scene': 0.018751485, 'new': 0.018191963, 'land': 0.018178588}, {'best': 0.0341494, 'movie': 0.03371508, 'moore': 0.026196359, 'dark': 0.024689257, 'star': 0.024383346, 'scene': 0.023438985, 'trailer': 0.021807937, 'fun': 0.020857701, 'official': 0.018471409, 'performance': 0.015806373}, {'feel': 0.028094033, 'working': 0.025147963, 'trailer': 0.022335025, 'et': 0.022019861, 'movie': 0.021616353, 'man': 0.01963983, 'official': 0.019031532, 'like': 0.016505206, 'spent': 0.014873584, 'life': 0.014868411}, {'movie': 0.034532577, 'really': 0.021510182, 'land': 0.01971894, 'starring': 0.019064132, 'lost': 0.01766466, 'moment': 0.0156035395, 'time': 0.015482848, 'official': 0.015458546, 'little': 0.014956941, 'perfect': 0.014929011}]"
2025-01-09 21:51:04,"Shia Labeouf in Megalopolis is the most unhinged performance I’ve ever seen in a film I would not call Megalopolis a good movie. Not in my opinion, I think it’s a mess. However, it does have a lot of memorable scenes. Any bit with Shia had me dying laughing in the theater.

It’s like watching an alien pretend to be a human. Every weird little movement or rhyme he did made it feel like I was watching some strange ET like creature trying to become a person.

So many memorable lines from him, “revenge tastes best while wearing a dress” and “can I not get rid of this fucking cousin?”",shia labeouf megalopolis unhinged performance ive ever seen film would call megalopolis good movie opinion think mess however lot memorable scene bit shia dying laughing theater like watching alien pretend human every weird little movement rhyme made feel like watching strange et like creature trying become person many memorable line revenge taste best wearing dress get rid fucking cousin,positive,0.8402,0.5729166666666666,"[('Shia', 'NORP'), ('Megalopolis', 'PERSON'), ('Megalopolis', 'PERSON'), ('Shia', 'NORP')]",reddit,https://www.reddit.com/r/movies/comments/1hxghge/shia_labeouf_in_megalopolis_is_the_most_unhinged/,"[{'movie': 0.030609494, 'film': 0.026324794, 'josh': 0.023135385, 'best': 0.021116959, '2025': 0.020319898, 'theater': 0.019929346, 'nosferatu': 0.018979697, 'example': 0.018879183, 'bad': 0.018644204, 'scene': 0.018541832}, {'work': 0.029303119, 'official': 0.02424772, 'man': 0.022986613, 'companion': 0.02245265, 'like': 0.02038665, 'trailer': 0.019819034, 'role': 0.019416621, 'scene': 0.018751485, 'new': 0.018191963, 'land': 0.018178588}, {'best': 0.0341494, 'movie': 0.03371508, 'moore': 0.026196359, 'dark': 0.024689257, 'star': 0.024383346, 'scene': 0.023438985, 'trailer': 0.021807937, 'fun': 0.020857701, 'official': 0.018471409, 'performance': 0.015806373}, {'feel': 0.028094033, 'working': 0.025147963, 'trailer': 0.022335025, 'et': 0.022019861, 'movie': 0.021616353, 'man': 0.01963983, 'official': 0.019031532, 'like': 0.016505206, 'spent': 0.014873584, 'life': 0.014868411}, {'movie': 0.034532577, 'really': 0.021510182, 'land': 0.01971894, 'starring': 0.019064132, 'lost': 0.01766466, 'moment': 0.0156035395, 'time': 0.015482848, 'official': 0.015458546, 'little': 0.014956941, 'perfect': 0.014929011}]"
2025-01-09 23:30:25,‘The Running Man’: Colman Domingo Lands Game Show Host Role In Edgar Wright’s New Reimagining At Paramount ,running man colman domingo land game show host role edgar wright new reimagining paramount,neutral,0.0,0.42727272727272725,"[('Domingo Lands', 'PERSON'), ('Edgar Wright’s', 'PERSON'), ('Paramount', 'ORG')]",reddit,https://deadline.com/2025/01/the-running-man-colman-domingo-role-richard-dawson-glen-powell-1236250935/,"[{'movie': 0.030609494, 'film': 0.026324794, 'josh': 0.023135385, 'best': 0.021116959, '2025': 0.020319898, 'theater': 0.019929346, 'nosferatu': 0.018979697, 'example': 0.018879183, 'bad': 0.018644204, 'scene': 0.018541832}, {'work': 0.029303119, 'official': 0.02424772, 'man': 0.022986613, 'companion': 0.02245265, 'like': 0.02038665, 'trailer': 0.019819034, 'role': 0.019416621, 'scene': 0.018751485, 'new': 0.018191963, 'land': 0.018178588}, {'best': 0.0341494, 'movie': 0.03371508, 'moore': 0.026196359, 'dark': 0.024689257, 'star': 0.024383346, 'scene': 0.023438985, 'trailer': 0.021807937, 'fun': 0.020857701, 'official': 0.018471409, 'performance': 0.015806373}, {'feel': 0.028094033, 'working': 0.025147963, 'trailer': 0.022335025, 'et': 0.022019861, 'movie': 0.021616353, 'man': 0.01963983, 'official': 0.019031532, 'like': 0.016505206, 'spent': 0.014873584, 'life': 0.014868411}, {'movie': 0.034532577, 'really': 0.021510182, 'land': 0.01971894, 'starring': 0.019064132, 'lost': 0.01766466, 'moment': 0.0156035395, 'time': 0.015482848, 'official': 0.015458546, 'little': 0.014956941, 'perfect': 0.014929011}]"
2025-01-09 22:31:17,A Working Man - Official Trailer ,working man official trailer,neutral,0.0,0.0,"[('Working Man - Official', 'ORG')]",reddit,https://youtu.be/zTbgNC42Ops?si=oUwcF0lf4eRg2DxU,"[{'movie': 0.030609494, 'film': 0.026324794, 'josh': 0.023135385, 'best': 0.021116959, '2025': 0.020319898, 'theater': 0.019929346, 'nosferatu': 0.018979697, 'example': 0.018879183, 'bad': 0.018644204, 'scene': 0.018541832}, {'work': 0.029303119, 'official': 0.02424772, 'man': 0.022986613, 'companion': 0.02245265, 'like': 0.02038665, 'trailer': 0.019819034, 'role': 0.019416621, 'scene': 0.018751485, 'new': 0.018191963, 'land': 0.018178588}, {'best': 0.0341494, 'movie': 0.03371508, 'moore': 0.026196359, 'dark': 0.024689257, 'star': 0.024383346, 'scene': 0.023438985, 'trailer': 0.021807937, 'fun': 0.020857701, 'official': 0.018471409, 'performance': 0.015806373}, {'feel': 0.028094033, 'working': 0.025147963, 'trailer': 0.022335025, 'et': 0.022019861, 'movie': 0.021616353, 'man': 0.01963983, 'official': 0.019031532, 'like': 0.016505206, 'spent': 0.014873584, 'life': 0.014868411}, {'movie': 0.034532577, 'really': 0.021510182, 'land': 0.01971894, 'starring': 0.019064132, 'lost': 0.01766466, 'moment': 0.0156035395, 'time': 0.015482848, 'official': 0.015458546, 'little': 0.014956941, 'perfect': 0.014929011}]"
2025-01-09 09:57:42,"What's the longest time characters have spent together off screen without discussing the situation they are in?  I always chuckle when characters' travel is cut out of the scene but the conversation carries on as though no time has passed.    

Like,  they get on a plane discussing their plan to take over sock recycling. Then the scene cuts to them being off the plane and they are still discussing the details of how they are going to take over sock recycling.    What the heck?  They had the whole flight to iron out sock recycling domination. ",whats longest time character spent together screen without discussing situation always chuckle character travel cut scene conversation carry though time passed like get plane discussing plan take sock recycling scene cut plane still discussing detail going take sock recycling heck whole flight iron sock recycling domination,positive,0.2023,0.25,[],reddit,https://www.reddit.com/r/movies/comments/1hx4qdq/whats_the_longest_time_characters_have_spent/,"[{'movie': 0.030609494, 'film': 0.026324794, 'josh': 0.023135385, 'best': 0.021116959, '2025': 0.020319898, 'theater': 0.019929346, 'nosferatu': 0.018979697, 'example': 0.018879183, 'bad': 0.018644204, 'scene': 0.018541832}, {'work': 0.029303119, 'official': 0.02424772, 'man': 0.022986613, 'companion': 0.02245265, 'like': 0.02038665, 'trailer': 0.019819034, 'role': 0.019416621, 'scene': 0.018751485, 'new': 0.018191963, 'land': 0.018178588}, {'best': 0.0341494, 'movie': 0.03371508, 'moore': 0.026196359, 'dark': 0.024689257, 'star': 0.024383346, 'scene': 0.023438985, 'trailer': 0.021807937, 'fun': 0.020857701, 'official': 0.018471409, 'performance': 0.015806373}, {'feel': 0.028094033, 'working': 0.025147963, 'trailer': 0.022335025, 'et': 0.022019861, 'movie': 0.021616353, 'man': 0.01963983, 'official': 0.019031532, 'like': 0.016505206, 'spent': 0.014873584, 'life': 0.014868411}, {'movie': 0.034532577, 'really': 0.021510182, 'land': 0.01971894, 'starring': 0.019064132, 'lost': 0.01766466, 'moment': 0.0156035395, 'time': 0.015482848, 'official': 0.015458546, 'little': 0.014956941, 'perfect': 0.014929011}]"
2025-01-08 22:45:46,"Official Poster for 'Companion' Starring Jack Quaid & Sophie Thatcher - After Josh jail-breaks the settings on his ""sex-bot"", things turn bloody and violent during a weekend getaway in a remote cabin with his friends ",official poster companion starring jack quaid sophie thatcher josh jailbreak setting sexbot thing turn bloody violent weekend getaway remote cabin friend,negative,-0.5574,0.7000000000000001,"[(""Companion' Starring Jack Quaid & Sophie Thatcher - After Josh"", 'WORK_OF_ART')]",reddit,https://i.redd.it/myw9srudzsbe1.jpeg,"[{'movie': 0.030609494, 'film': 0.026324794, 'josh': 0.023135385, 'best': 0.021116959, '2025': 0.020319898, 'theater': 0.019929346, 'nosferatu': 0.018979697, 'example': 0.018879183, 'bad': 0.018644204, 'scene': 0.018541832}, {'work': 0.029303119, 'official': 0.02424772, 'man': 0.022986613, 'companion': 0.02245265, 'like': 0.02038665, 'trailer': 0.019819034, 'role': 0.019416621, 'scene': 0.018751485, 'new': 0.018191963, 'land': 0.018178588}, {'best': 0.0341494, 'movie': 0.03371508, 'moore': 0.026196359, 'dark': 0.024689257, 'star': 0.024383346, 'scene': 0.023438985, 'trailer': 0.021807937, 'fun': 0.020857701, 'official': 0.018471409, 'performance': 0.015806373}, {'feel': 0.028094033, 'working': 0.025147963, 'trailer': 0.022335025, 'et': 0.022019861, 'movie': 0.021616353, 'man': 0.01963983, 'official': 0.019031532, 'like': 0.016505206, 'spent': 0.014873584, 'life': 0.014868411}, {'movie': 0.034532577, 'really': 0.021510182, 'land': 0.01971894, 'starring': 0.019064132, 'lost': 0.01766466, 'moment': 0.0156035395, 'time': 0.015482848, 'official': 0.015458546, 'little': 0.014956941, 'perfect': 0.014929011}]"
2025-01-09 04:26:30,"An example of a great scene in a rather meh movie, here's Jim Carrey's parody of Criss Angel and David Blaine in 2013's The Incredible Burt Wonderstone ",example great scene rather meh movie here jim carreys parody criss angel david blaine 2013s incredible burt wonderstone,positive,0.5859,0.825,"[(""Jim Carrey's"", 'PERSON'), ('Criss Angel', 'PERSON'), ('David Blaine', 'PERSON'), ('2013', 'DATE'), ('The Incredible Burt Wonderstone', 'ORG')]",reddit,https://www.youtube.com/watch?v=DTfwwbsRopM,"[{'movie': 0.030609494, 'film': 0.026324794, 'josh': 0.023135385, 'best': 0.021116959, '2025': 0.020319898, 'theater': 0.019929346, 'nosferatu': 0.018979697, 'example': 0.018879183, 'bad': 0.018644204, 'scene': 0.018541832}, {'work': 0.029303119, 'official': 0.02424772, 'man': 0.022986613, 'companion': 0.02245265, 'like': 0.02038665, 'trailer': 0.019819034, 'role': 0.019416621, 'scene': 0.018751485, 'new': 0.018191963, 'land': 0.018178588}, {'best': 0.0341494, 'movie': 0.03371508, 'moore': 0.026196359, 'dark': 0.024689257, 'star': 0.024383346, 'scene': 0.023438985, 'trailer': 0.021807937, 'fun': 0.020857701, 'official': 0.018471409, 'performance': 0.015806373}, {'feel': 0.028094033, 'working': 0.025147963, 'trailer': 0.022335025, 'et': 0.022019861, 'movie': 0.021616353, 'man': 0.01963983, 'official': 0.019031532, 'like': 0.016505206, 'spent': 0.014873584, 'life': 0.014868411}, {'movie': 0.034532577, 'really': 0.021510182, 'land': 0.01971894, 'starring': 0.019064132, 'lost': 0.01766466, 'moment': 0.0156035395, 'time': 0.015482848, 'official': 0.015458546, 'little': 0.014956941, 'perfect': 0.014929011}]"
2025-01-10 01:37:10,"Sleeping Dogs movie no longer in the works, says star Donnie Yen ",sleeping dog movie longer work say star donnie yen,neutral,0.0,0.0,"[('Donnie Yen', 'PERSON')]",reddit,https://www.polygon.com/action/506279/sleeping-dogs-movie-donnie-yen-release-update,"[{'movie': 0.030609494, 'film': 0.026324794, 'josh': 0.023135385, 'best': 0.021116959, '2025': 0.020319898, 'theater': 0.019929346, 'nosferatu': 0.018979697, 'example': 0.018879183, 'bad': 0.018644204, 'scene': 0.018541832}, {'work': 0.029303119, 'official': 0.02424772, 'man': 0.022986613, 'companion': 0.02245265, 'like': 0.02038665, 'trailer': 0.019819034, 'role': 0.019416621, 'scene': 0.018751485, 'new': 0.018191963, 'land': 0.018178588}, {'best': 0.0341494, 'movie': 0.03371508, 'moore': 0.026196359, 'dark': 0.024689257, 'star': 0.024383346, 'scene': 0.023438985, 'trailer': 0.021807937, 'fun': 0.020857701, 'official': 0.018471409, 'performance': 0.015806373}, {'feel': 0.028094033, 'working': 0.025147963, 'trailer': 0.022335025, 'et': 0.022019861, 'movie': 0.021616353, 'man': 0.01963983, 'official': 0.019031532, 'like': 0.016505206, 'spent': 0.014873584, 'life': 0.014868411}, {'movie': 0.034532577, 'really': 0.021510182, 'land': 0.01971894, 'starring': 0.019064132, 'lost': 0.01766466, 'moment': 0.0156035395, 'time': 0.015482848, 'official': 0.015458546, 'little': 0.014956941, 'perfect': 0.014929011}]"
2025-01-09 22:52:10,"Scenes where you watch and go: ""Wow, he is EVIL"" Are there any movie scenes where a character, most likely the antagonist, does something so shocking, horrifying, or completely devoid of empathy that it leaves you stunned and questioning their humanity? It could be a brutal murder, a cold and emotionless decision, or an act so heartless it defies what normal people would find acceptable. For example, Amon Goth constructing the concentration camp and mercilessly killing the engineer who tried to explain an issue is a powerful display of such evil. Moments like these define the antagonist's character and leave an unforgettable impact on the audience.",scene watch go wow evil movie scene character likely antagonist something shocking horrifying completely devoid empathy leaf stunned questioning humanity could brutal murder cold emotionless decision act heartless defies normal people would find acceptable example amon goth constructing concentration camp mercilessly killing engineer tried explain issue powerful display evil moment like define antagonist character leave unforgettable impact audience,negative,-0.9834,0.9115384615384615,"[('Amon Goth', 'PERSON')]",reddit,https://www.reddit.com/r/movies/comments/1hxhxxy/scenes_where_you_watch_and_go_wow_he_is_evil/,"[{'movie': 0.030609494, 'film': 0.026324794, 'josh': 0.023135385, 'best': 0.021116959, '2025': 0.020319898, 'theater': 0.019929346, 'nosferatu': 0.018979697, 'example': 0.018879183, 'bad': 0.018644204, 'scene': 0.018541832}, {'work': 0.029303119, 'official': 0.02424772, 'man': 0.022986613, 'companion': 0.02245265, 'like': 0.02038665, 'trailer': 0.019819034, 'role': 0.019416621, 'scene': 0.018751485, 'new': 0.018191963, 'land': 0.018178588}, {'best': 0.0341494, 'movie': 0.03371508, 'moore': 0.026196359, 'dark': 0.024689257, 'star': 0.024383346, 'scene': 0.023438985, 'trailer': 0.021807937, 'fun': 0.020857701, 'official': 0.018471409, 'performance': 0.015806373}, {'feel': 0.028094033, 'working': 0.025147963, 'trailer': 0.022335025, 'et': 0.022019861, 'movie': 0.021616353, 'man': 0.01963983, 'official': 0.019031532, 'like': 0.016505206, 'spent': 0.014873584, 'life': 0.014868411}, {'movie': 0.034532577, 'really': 0.021510182, 'land': 0.01971894, 'starring': 0.019064132, 'lost': 0.01766466, 'moment': 0.0156035395, 'time': 0.015482848, 'official': 0.015458546, 'little': 0.014956941, 'perfect': 0.014929011}]"
2025-01-09 23:53:55,"Anyone had a delayed emotional response to a movie? (My Old Ass) \*Minor spoilers ahead\*

Earlier this week, I was watching the movie ""My Old Ass."" If you are unfamiliar, the movie has themes of living in the moment. This is something I could admittedly do better at. Specifically, there are two monologues in the film that emphasize ""you never know this is the last time you'll do X."" 

I enjoyed the movie, its themes, and peformances. I was getting ready for bed and thinking about the film in my mind. Maybe 15 minutes after the movie had ended, our baby monitor goes off. I walked into the nursery to replace the pacifier and soothe my kid back to sleep. Then, I connect the dots that this could be the last time I have this kind of moment. I started to weep and really reflect on enjoying these experiences of parenthood. I'm genuinely grateful that the movie made me consider this more closely. 

Has anyone else watched and not had an outward response to it intially, but later become emotional when reflecting on that film? If so, what movie had this effect on you?

  
",anyone delayed emotional response movie old as minor spoiler ahead earlier week watching movie old as unfamiliar movie theme living moment something could admittedly better specifically two monologue film emphasize never know last time youll x enjoyed movie theme peformances getting ready bed thinking film mind maybe 15 minute movie ended baby monitor go walked nursery replace pacifier soothe kid back sleep connect dot could last time kind moment started weep really reflect enjoying experience parenthood im genuinely grateful movie made consider closely anyone else watched outward response intially later become emotional reflecting film movie effect,positive,0.9507,0.3784313725490196,"[('Earlier this week', 'DATE'), ('""My Old Ass', 'WORK_OF_ART'), ('two', 'CARDINAL'), ('X.', 'PERSON'), ('Maybe 15 minutes', 'TIME')]",reddit,https://www.reddit.com/r/movies/comments/1hxjel6/anyone_had_a_delayed_emotional_response_to_a/,"[{'movie': 0.030609494, 'film': 0.026324794, 'josh': 0.023135385, 'best': 0.021116959, '2025': 0.020319898, 'theater': 0.019929346, 'nosferatu': 0.018979697, 'example': 0.018879183, 'bad': 0.018644204, 'scene': 0.018541832}, {'work': 0.029303119, 'official': 0.02424772, 'man': 0.022986613, 'companion': 0.02245265, 'like': 0.02038665, 'trailer': 0.019819034, 'role': 0.019416621, 'scene': 0.018751485, 'new': 0.018191963, 'land': 0.018178588}, {'best': 0.0341494, 'movie': 0.03371508, 'moore': 0.026196359, 'dark': 0.024689257, 'star': 0.024383346, 'scene': 0.023438985, 'trailer': 0.021807937, 'fun': 0.020857701, 'official': 0.018471409, 'performance': 0.015806373}, {'feel': 0.028094033, 'working': 0.025147963, 'trailer': 0.022335025, 'et': 0.022019861, 'movie': 0.021616353, 'man': 0.01963983, 'official': 0.019031532, 'like': 0.016505206, 'spent': 0.014873584, 'life': 0.014868411}, {'movie': 0.034532577, 'really': 0.021510182, 'land': 0.01971894, 'starring': 0.019064132, 'lost': 0.01766466, 'moment': 0.0156035395, 'time': 0.015482848, 'official': 0.015458546, 'little': 0.014956941, 'perfect': 0.014929011}]"
2025-01-09 03:30:00,"Movies with pure strokes of luck that happened during filming.  I was just watching Fever Pitch (I know, move on), and remembering how they had to change part of the movie because the Sox finally broke the curse and won the Series the year they were filming. Wondering about other movies where the same sort of thing happening. Thinking of good luck, but even bad luck that turned around and helped the film immensely. ",movie pure stroke luck happened filming watching fever pitch know move remembering change part movie sox finally broke curse series year filming wondering movie sort thing happening thinking good luck even bad luck turned around helped film immensely,positive,0.2732,0.7533333333333333,"[('Fever Pitch', 'ORG'), ('Sox', 'ORG'), ('Series', 'EVENT'), ('the year', 'DATE')]",reddit,https://www.reddit.com/r/movies/comments/1hww8a5/movies_with_pure_strokes_of_luck_that_happened/,"[{'movie': 0.030609494, 'film': 0.026324794, 'josh': 0.023135385, 'best': 0.021116959, '2025': 0.020319898, 'theater': 0.019929346, 'nosferatu': 0.018979697, 'example': 0.018879183, 'bad': 0.018644204, 'scene': 0.018541832}, {'work': 0.029303119, 'official': 0.02424772, 'man': 0.022986613, 'companion': 0.02245265, 'like': 0.02038665, 'trailer': 0.019819034, 'role': 0.019416621, 'scene': 0.018751485, 'new': 0.018191963, 'land': 0.018178588}, {'best': 0.0341494, 'movie': 0.03371508, 'moore': 0.026196359, 'dark': 0.024689257, 'star': 0.024383346, 'scene': 0.023438985, 'trailer': 0.021807937, 'fun': 0.020857701, 'official': 0.018471409, 'performance': 0.015806373}, {'feel': 0.028094033, 'working': 0.025147963, 'trailer': 0.022335025, 'et': 0.022019861, 'movie': 0.021616353, 'man': 0.01963983, 'official': 0.019031532, 'like': 0.016505206, 'spent': 0.014873584, 'life': 0.014868411}, {'movie': 0.034532577, 'really': 0.021510182, 'land': 0.01971894, 'starring': 0.019064132, 'lost': 0.01766466, 'moment': 0.0156035395, 'time': 0.015482848, 'official': 0.015458546, 'little': 0.014956941, 'perfect': 0.014929011}]"
2025-01-09 12:28:36,"Deleted scene from 1932 Mummy depicting man firing shotgun into mummy's stomach from point blank. I downloaded 1932 Mummy via torrent back in 2016/2017 and it came with what I recall to be documentary about movie production, possibly DVD extra.

While randomly clicking through that documentary, I saw a short scene of mummy walking toward a man, while he fires two shots from shotgun into his stomach from around 2 meters distance, while backing away. Scene had a sound and you could hear dog barking in the background. Effect of shot hiting mummy was very impressive for a time.  

After seeing the film and not seeing that scene, I figured it mist have been cut for being too intense. But recently I  heard that not a single cut scene from this movie survived. Now I'm buffled, what have I seen? Was it from some other movie or something?",deleted scene 1932 mummy depicting man firing shotgun mummy stomach point blank downloaded 1932 mummy via torrent back 20162017 came recall documentary movie production possibly dvd extra randomly clicking documentary saw short scene mummy walking toward man fire two shot shotgun stomach around 2 meter distance backing away scene sound could hear dog barking background effect shot hiting mummy impressive time seeing film seeing scene figured mist cut intense recently heard single cut scene movie survived im buffled seen movie something,neutral,-0.0,0.36648351648351657,"[('1932', 'DATE'), ('Mummy', 'PERSON'), ('mummy', 'PERSON'), ('1932', 'DATE'), ('Mummy', 'PERSON'), ('2016/2017', 'DATE'), ('two', 'CARDINAL'), ('around 2 meters', 'QUANTITY'), ('mummy', 'PERSON')]",reddit,https://www.reddit.com/r/movies/comments/1hx75dq/deleted_scene_from_1932_mummy_depicting_man/,"[{'movie': 0.030609494, 'film': 0.026324794, 'josh': 0.023135385, 'best': 0.021116959, '2025': 0.020319898, 'theater': 0.019929346, 'nosferatu': 0.018979697, 'example': 0.018879183, 'bad': 0.018644204, 'scene': 0.018541832}, {'work': 0.029303119, 'official': 0.02424772, 'man': 0.022986613, 'companion': 0.02245265, 'like': 0.02038665, 'trailer': 0.019819034, 'role': 0.019416621, 'scene': 0.018751485, 'new': 0.018191963, 'land': 0.018178588}, {'best': 0.0341494, 'movie': 0.03371508, 'moore': 0.026196359, 'dark': 0.024689257, 'star': 0.024383346, 'scene': 0.023438985, 'trailer': 0.021807937, 'fun': 0.020857701, 'official': 0.018471409, 'performance': 0.015806373}, {'feel': 0.028094033, 'working': 0.025147963, 'trailer': 0.022335025, 'et': 0.022019861, 'movie': 0.021616353, 'man': 0.01963983, 'official': 0.019031532, 'like': 0.016505206, 'spent': 0.014873584, 'life': 0.014868411}, {'movie': 0.034532577, 'really': 0.021510182, 'land': 0.01971894, 'starring': 0.019064132, 'lost': 0.01766466, 'moment': 0.0156035395, 'time': 0.015482848, 'official': 0.015458546, 'little': 0.014956941, 'perfect': 0.014929011}]"
2025-01-09 21:37:13,"Immersive movies? Can anyone recommend some movies that make you feel like you’re there? Kind of like snowpeircer vibes where you can almost feel the cold through the screen. 

Theme is open but dystopian/dark vibes welcome! Aliens preferably avoided but can make exceptions for a good enough movie! 

Real escapism type stuff with an immersive story (adhd. I wanna lose myself in it!) 

Thanks! ",immersive movie anyone recommend movie make feel like youre kind like snowpeircer vibe almost feel cold screen theme open dystopiandark vibe welcome alien preferably avoided make exception good enough movie real escapism type stuff immersive story adhd wan na lose thanks,positive,0.9274,0.5800000000000001,"[('Theme', 'ORG')]",reddit,https://www.reddit.com/r/movies/comments/1hxg5d4/immersive_movies/,"[{'movie': 0.030609494, 'film': 0.026324794, 'josh': 0.023135385, 'best': 0.021116959, '2025': 0.020319898, 'theater': 0.019929346, 'nosferatu': 0.018979697, 'example': 0.018879183, 'bad': 0.018644204, 'scene': 0.018541832}, {'work': 0.029303119, 'official': 0.02424772, 'man': 0.022986613, 'companion': 0.02245265, 'like': 0.02038665, 'trailer': 0.019819034, 'role': 0.019416621, 'scene': 0.018751485, 'new': 0.018191963, 'land': 0.018178588}, {'best': 0.0341494, 'movie': 0.03371508, 'moore': 0.026196359, 'dark': 0.024689257, 'star': 0.024383346, 'scene': 0.023438985, 'trailer': 0.021807937, 'fun': 0.020857701, 'official': 0.018471409, 'performance': 0.015806373}, {'feel': 0.028094033, 'working': 0.025147963, 'trailer': 0.022335025, 'et': 0.022019861, 'movie': 0.021616353, 'man': 0.01963983, 'official': 0.019031532, 'like': 0.016505206, 'spent': 0.014873584, 'life': 0.014868411}, {'movie': 0.034532577, 'really': 0.021510182, 'land': 0.01971894, 'starring': 0.019064132, 'lost': 0.01766466, 'moment': 0.0156035395, 'time': 0.015482848, 'official': 0.015458546, 'little': 0.014956941, 'perfect': 0.014929011}]"
2025-01-08 22:31:31,Companion | Official Trailer ,companion official trailer,neutral,0.0,0.0,"[('Trailer', 'PERSON')]",reddit,https://youtu.be/Qr_kX0D3DNA?si=QD0CvuXjzpx-jr-X,"[{'movie': 0.030609494, 'film': 0.026324794, 'josh': 0.023135385, 'best': 0.021116959, '2025': 0.020319898, 'theater': 0.019929346, 'nosferatu': 0.018979697, 'example': 0.018879183, 'bad': 0.018644204, 'scene': 0.018541832}, {'work': 0.029303119, 'official': 0.02424772, 'man': 0.022986613, 'companion': 0.02245265, 'like': 0.02038665, 'trailer': 0.019819034, 'role': 0.019416621, 'scene': 0.018751485, 'new': 0.018191963, 'land': 0.018178588}, {'best': 0.0341494, 'movie': 0.03371508, 'moore': 0.026196359, 'dark': 0.024689257, 'star': 0.024383346, 'scene': 0.023438985, 'trailer': 0.021807937, 'fun': 0.020857701, 'official': 0.018471409, 'performance': 0.015806373}, {'feel': 0.028094033, 'working': 0.025147963, 'trailer': 0.022335025, 'et': 0.022019861, 'movie': 0.021616353, 'man': 0.01963983, 'official': 0.019031532, 'like': 0.016505206, 'spent': 0.014873584, 'life': 0.014868411}, {'movie': 0.034532577, 'really': 0.021510182, 'land': 0.01971894, 'starring': 0.019064132, 'lost': 0.01766466, 'moment': 0.0156035395, 'time': 0.015482848, 'official': 0.015458546, 'little': 0.014956941, 'perfect': 0.014929011}]"
2025-01-09 22:14:16,The 100 Best Movies of the ’80s ,100 best movie 80,positive,0.6369,0.3,"[('100', 'CARDINAL'), ('80s', 'DATE')]",reddit,https://www.indiewire.com/gallery/best-80s-movies/,"[{'movie': 0.030609494, 'film': 0.026324794, 'josh': 0.023135385, 'best': 0.021116959, '2025': 0.020319898, 'theater': 0.019929346, 'nosferatu': 0.018979697, 'example': 0.018879183, 'bad': 0.018644204, 'scene': 0.018541832}, {'work': 0.029303119, 'official': 0.02424772, 'man': 0.022986613, 'companion': 0.02245265, 'like': 0.02038665, 'trailer': 0.019819034, 'role': 0.019416621, 'scene': 0.018751485, 'new': 0.018191963, 'land': 0.018178588}, {'best': 0.0341494, 'movie': 0.03371508, 'moore': 0.026196359, 'dark': 0.024689257, 'star': 0.024383346, 'scene': 0.023438985, 'trailer': 0.021807937, 'fun': 0.020857701, 'official': 0.018471409, 'performance': 0.015806373}, {'feel': 0.028094033, 'working': 0.025147963, 'trailer': 0.022335025, 'et': 0.022019861, 'movie': 0.021616353, 'man': 0.01963983, 'official': 0.019031532, 'like': 0.016505206, 'spent': 0.014873584, 'life': 0.014868411}, {'movie': 0.034532577, 'really': 0.021510182, 'land': 0.01971894, 'starring': 0.019064132, 'lost': 0.01766466, 'moment': 0.0156035395, 'time': 0.015482848, 'official': 0.015458546, 'little': 0.014956941, 'perfect': 0.014929011}]"
2025-01-10 00:50:43,Dark Match | Official Trailer ,dark match official trailer,neutral,0.0,0.4,"[('Dark Match', 'PERSON'), ('Trailer', 'PERSON')]",reddit,https://www.youtube.com/watch?v=2Q556EL8DGU,"[{'movie': 0.030609494, 'film': 0.026324794, 'josh': 0.023135385, 'best': 0.021116959, '2025': 0.020319898, 'theater': 0.019929346, 'nosferatu': 0.018979697, 'example': 0.018879183, 'bad': 0.018644204, 'scene': 0.018541832}, {'work': 0.029303119, 'official': 0.02424772, 'man': 0.022986613, 'companion': 0.02245265, 'like': 0.02038665, 'trailer': 0.019819034, 'role': 0.019416621, 'scene': 0.018751485, 'new': 0.018191963, 'land': 0.018178588}, {'best': 0.0341494, 'movie': 0.03371508, 'moore': 0.026196359, 'dark': 0.024689257, 'star': 0.024383346, 'scene': 0.023438985, 'trailer': 0.021807937, 'fun': 0.020857701, 'official': 0.018471409, 'performance': 0.015806373}, {'feel': 0.028094033, 'working': 0.025147963, 'trailer': 0.022335025, 'et': 0.022019861, 'movie': 0.021616353, 'man': 0.01963983, 'official': 0.019031532, 'like': 0.016505206, 'spent': 0.014873584, 'life': 0.014868411}, {'movie': 0.034532577, 'really': 0.021510182, 'land': 0.01971894, 'starring': 0.019064132, 'lost': 0.01766466, 'moment': 0.0156035395, 'time': 0.015482848, 'official': 0.015458546, 'little': 0.014956941, 'perfect': 0.014929011}]"
2025-01-09 08:16:14,"Bound, Crash, Payback, and More Cult Erotic Thrillers You Might Have Missed ",bound crash payback cult erotic thriller might missed,negative,-0.5423,0.9,"[('Bound', 'ORG'), ('Crash, Payback', 'ORG'), ('More Cult Erotic Thrillers You Might Have Missed', 'ORG')]",reddit,https://www.flickeringmyth.com/10-underrated-erotic-thrillers-you-have-to-see/,"[{'movie': 0.030609494, 'film': 0.026324794, 'josh': 0.023135385, 'best': 0.021116959, '2025': 0.020319898, 'theater': 0.019929346, 'nosferatu': 0.018979697, 'example': 0.018879183, 'bad': 0.018644204, 'scene': 0.018541832}, {'work': 0.029303119, 'official': 0.02424772, 'man': 0.022986613, 'companion': 0.02245265, 'like': 0.02038665, 'trailer': 0.019819034, 'role': 0.019416621, 'scene': 0.018751485, 'new': 0.018191963, 'land': 0.018178588}, {'best': 0.0341494, 'movie': 0.03371508, 'moore': 0.026196359, 'dark': 0.024689257, 'star': 0.024383346, 'scene': 0.023438985, 'trailer': 0.021807937, 'fun': 0.020857701, 'official': 0.018471409, 'performance': 0.015806373}, {'feel': 0.028094033, 'working': 0.025147963, 'trailer': 0.022335025, 'et': 0.022019861, 'movie': 0.021616353, 'man': 0.01963983, 'official': 0.019031532, 'like': 0.016505206, 'spent': 0.014873584, 'life': 0.014868411}, {'movie': 0.034532577, 'really': 0.021510182, 'land': 0.01971894, 'starring': 0.019064132, 'lost': 0.01766466, 'moment': 0.0156035395, 'time': 0.015482848, 'official': 0.015458546, 'little': 0.014956941, 'perfect': 0.014929011}]"
2025-01-08 07:14:19,"I still can't get over how good Bullet Train was despite the bizarrely low Rottentomatoes score. At only 53%, I was expecting something along the lines of a generic action movie, those dime a dozen you see, or at best maybe a michael bay caliber production.

Instead I got a highly entertaining movie that's utterly fantastic from david leitch, who's brought us similar fun movies in dp 2 and the fall guy. 

Bullet train has great performances, fun setpieces, lots of action without overly relying on cgi, and the performances are fun too, being just likable enough without overdoing it. 

So it's pretty wild to me that as much as half of critics straight up didn't like it, don't know what's up their bottom.",still cant get good bullet train despite bizarrely low rottentomatoes score 53 expecting something along line generic action movie dime dozen see best maybe michael bay caliber production instead got highly entertaining movie thats utterly fantastic david leitch who brought u similar fun movie dp 2 fall guy bullet train great performance fun setpieces lot action without overly relying cgi performance fun likable enough without overdoing pretty wild much half critic straight didnt like dont know whats bottom,positive,0.9672,0.406140350877193,"[('Bullet Train', 'WORK_OF_ART'), ('only 53%', 'PERCENT'), ('a dozen', 'CARDINAL'), ('michael bay', 'PERSON'), ('david leitch', 'PERSON'), ('2', 'CARDINAL')]",reddit,https://www.reddit.com/r/movies/comments/1hw88al/i_still_cant_get_over_how_good_bullet_train_was/,"[{'movie': 0.030609494, 'film': 0.026324794, 'josh': 0.023135385, 'best': 0.021116959, '2025': 0.020319898, 'theater': 0.019929346, 'nosferatu': 0.018979697, 'example': 0.018879183, 'bad': 0.018644204, 'scene': 0.018541832}, {'work': 0.029303119, 'official': 0.02424772, 'man': 0.022986613, 'companion': 0.02245265, 'like': 0.02038665, 'trailer': 0.019819034, 'role': 0.019416621, 'scene': 0.018751485, 'new': 0.018191963, 'land': 0.018178588}, {'best': 0.0341494, 'movie': 0.03371508, 'moore': 0.026196359, 'dark': 0.024689257, 'star': 0.024383346, 'scene': 0.023438985, 'trailer': 0.021807937, 'fun': 0.020857701, 'official': 0.018471409, 'performance': 0.015806373}, {'feel': 0.028094033, 'working': 0.025147963, 'trailer': 0.022335025, 'et': 0.022019861, 'movie': 0.021616353, 'man': 0.01963983, 'official': 0.019031532, 'like': 0.016505206, 'spent': 0.014873584, 'life': 0.014868411}, {'movie': 0.034532577, 'really': 0.021510182, 'land': 0.01971894, 'starring': 0.019064132, 'lost': 0.01766466, 'moment': 0.0156035395, 'time': 0.015482848, 'official': 0.015458546, 'little': 0.014956941, 'perfect': 0.014929011}]"
2025-01-09 18:15:48,"2025 movies, what are you most excited about? Looking at it, I’m pretty pessimistic about this year when it comes to movies. Going to see Nosferatu tonight, which I guess is technically a 2024 film, and I’m excited for Mickey 17 which comes out in march, I believe. Other than that, not really a single film I look forward to seeing. I hope some of them prove me wrong and turn out to be great. ",2025 movie excited looking im pretty pessimistic year come movie going see nosferatu tonight guess technically 2024 film im excited mickey 17 come march believe really single film look forward seeing hope prove wrong turn great,positive,0.8555,0.6377551020408163,"[('2025', 'DATE'), ('about this year', 'DATE'), ('Nosferatu', 'PERSON'), ('tonight', 'TIME'), ('2024', 'CARDINAL'), ('Mickey 17', 'DATE'), ('march', 'DATE')]",reddit,https://www.reddit.com/r/movies/comments/1hxbzw3/2025_movies_what_are_you_most_excited_about/,"[{'movie': 0.030609494, 'film': 0.026324794, 'josh': 0.023135385, 'best': 0.021116959, '2025': 0.020319898, 'theater': 0.019929346, 'nosferatu': 0.018979697, 'example': 0.018879183, 'bad': 0.018644204, 'scene': 0.018541832}, {'work': 0.029303119, 'official': 0.02424772, 'man': 0.022986613, 'companion': 0.02245265, 'like': 0.02038665, 'trailer': 0.019819034, 'role': 0.019416621, 'scene': 0.018751485, 'new': 0.018191963, 'land': 0.018178588}, {'best': 0.0341494, 'movie': 0.03371508, 'moore': 0.026196359, 'dark': 0.024689257, 'star': 0.024383346, 'scene': 0.023438985, 'trailer': 0.021807937, 'fun': 0.020857701, 'official': 0.018471409, 'performance': 0.015806373}, {'feel': 0.028094033, 'working': 0.025147963, 'trailer': 0.022335025, 'et': 0.022019861, 'movie': 0.021616353, 'man': 0.01963983, 'official': 0.019031532, 'like': 0.016505206, 'spent': 0.014873584, 'life': 0.014868411}, {'movie': 0.034532577, 'really': 0.021510182, 'land': 0.01971894, 'starring': 0.019064132, 'lost': 0.01766466, 'moment': 0.0156035395, 'time': 0.015482848, 'official': 0.015458546, 'little': 0.014956941, 'perfect': 0.014929011}]"
2025-01-08 22:02:27,Tom Holland to Star in John Grisham’s ‘The Partner’ At Universal; Graham Moore Adapting ,tom holland star john grishams partner universal graham moore adapting,neutral,0.0,0.0,"[('Tom Holland', 'PERSON'), ('Star', 'ORG'), ('John Grisham’s', 'PERSON'), ('The Partner’ At Universal', 'WORK_OF_ART'), ('Graham Moore Adapting', 'PERSON')]",reddit,https://deadline.com/2025/01/tom-holland-engaged-in-john-grisham-the-partner-universal-graham-moore-adapting-1236251245/,"[{'movie': 0.030609494, 'film': 0.026324794, 'josh': 0.023135385, 'best': 0.021116959, '2025': 0.020319898, 'theater': 0.019929346, 'nosferatu': 0.018979697, 'example': 0.018879183, 'bad': 0.018644204, 'scene': 0.018541832}, {'work': 0.029303119, 'official': 0.02424772, 'man': 0.022986613, 'companion': 0.02245265, 'like': 0.02038665, 'trailer': 0.019819034, 'role': 0.019416621, 'scene': 0.018751485, 'new': 0.018191963, 'land': 0.018178588}, {'best': 0.0341494, 'movie': 0.03371508, 'moore': 0.026196359, 'dark': 0.024689257, 'star': 0.024383346, 'scene': 0.023438985, 'trailer': 0.021807937, 'fun': 0.020857701, 'official': 0.018471409, 'performance': 0.015806373}, {'feel': 0.028094033, 'working': 0.025147963, 'trailer': 0.022335025, 'et': 0.022019861, 'movie': 0.021616353, 'man': 0.01963983, 'official': 0.019031532, 'like': 0.016505206, 'spent': 0.014873584, 'life': 0.014868411}, {'movie': 0.034532577, 'really': 0.021510182, 'land': 0.01971894, 'starring': 0.019064132, 'lost': 0.01766466, 'moment': 0.0156035395, 'time': 0.015482848, 'official': 0.015458546, 'little': 0.014956941, 'perfect': 0.014929011}]"
2025-01-08 20:15:02,Daniel’s Gotta Die (2025) - In Theaters Feb 21 ,daniel got ta die 2025 theater feb 21,negative,-0.5994,0.0,"[('Daniel’s Got', 'PERSON')]",reddit,https://youtu.be/me1CSCJI6yQ?si=2kIyKVrqsVghP7_V,"[{'movie': 0.030609494, 'film': 0.026324794, 'josh': 0.023135385, 'best': 0.021116959, '2025': 0.020319898, 'theater': 0.019929346, 'nosferatu': 0.018979697, 'example': 0.018879183, 'bad': 0.018644204, 'scene': 0.018541832}, {'work': 0.029303119, 'official': 0.02424772, 'man': 0.022986613, 'companion': 0.02245265, 'like': 0.02038665, 'trailer': 0.019819034, 'role': 0.019416621, 'scene': 0.018751485, 'new': 0.018191963, 'land': 0.018178588}, {'best': 0.0341494, 'movie': 0.03371508, 'moore': 0.026196359, 'dark': 0.024689257, 'star': 0.024383346, 'scene': 0.023438985, 'trailer': 0.021807937, 'fun': 0.020857701, 'official': 0.018471409, 'performance': 0.015806373}, {'feel': 0.028094033, 'working': 0.025147963, 'trailer': 0.022335025, 'et': 0.022019861, 'movie': 0.021616353, 'man': 0.01963983, 'official': 0.019031532, 'like': 0.016505206, 'spent': 0.014873584, 'life': 0.014868411}, {'movie': 0.034532577, 'really': 0.021510182, 'land': 0.01971894, 'starring': 0.019064132, 'lost': 0.01766466, 'moment': 0.0156035395, 'time': 0.015482848, 'official': 0.015458546, 'little': 0.014956941, 'perfect': 0.014929011}]"
2025-01-08 22:57:12,Warner Bros Massive Shake-Up: Marketing Boss Josh Goldstine & Int’l Distribution Chief Andrew Cripps Exiting; Jeff Goldstein To Oversee Global Distribution ,warner bros massive shakeup marketing bos josh goldstine intl distribution chief andrew cripps exiting jeff goldstein oversee global distribution,negative,-0.1531,0.5,"[('Warner Bros Massive Shake-Up: Marketing Boss Josh Goldstine &', 'ORG'), ('Andrew Cripps Exiting', 'PERSON'), ('Jeff Goldstein', 'PERSON')]",reddit,https://deadline.com/2025/01/warner-bros-josh-goldstine-andrew-cripps-1236251336/,"[{'movie': 0.030609494, 'film': 0.026324794, 'josh': 0.023135385, 'best': 0.021116959, '2025': 0.020319898, 'theater': 0.019929346, 'nosferatu': 0.018979697, 'example': 0.018879183, 'bad': 0.018644204, 'scene': 0.018541832}, {'work': 0.029303119, 'official': 0.02424772, 'man': 0.022986613, 'companion': 0.02245265, 'like': 0.02038665, 'trailer': 0.019819034, 'role': 0.019416621, 'scene': 0.018751485, 'new': 0.018191963, 'land': 0.018178588}, {'best': 0.0341494, 'movie': 0.03371508, 'moore': 0.026196359, 'dark': 0.024689257, 'star': 0.024383346, 'scene': 0.023438985, 'trailer': 0.021807937, 'fun': 0.020857701, 'official': 0.018471409, 'performance': 0.015806373}, {'feel': 0.028094033, 'working': 0.025147963, 'trailer': 0.022335025, 'et': 0.022019861, 'movie': 0.021616353, 'man': 0.01963983, 'official': 0.019031532, 'like': 0.016505206, 'spent': 0.014873584, 'life': 0.014868411}, {'movie': 0.034532577, 'really': 0.021510182, 'land': 0.01971894, 'starring': 0.019064132, 'lost': 0.01766466, 'moment': 0.0156035395, 'time': 0.015482848, 'official': 0.015458546, 'little': 0.014956941, 'perfect': 0.014929011}]"
2025-01-10 01:20:16,"E.T Home  I truly feel for everybody impacted by the wild fire in L.A and this post is not meant to trivialise the awfulness of what they are experiencing as a community. But I spent the day google mapping the E.T house in L.A to check it was ok - all the way from Wales. 

Absolutely ridiculous I know but spectrum life can be ridiculous and movies are powerful. 

So here’s to hoping the weather becomes favourable in the coming days and that all affected are looked after and safe. ",et home truly feel everybody impacted wild fire la post meant trivialise awfulness experiencing community spent day google mapping et house la check ok way wale absolutely ridiculous know spectrum life ridiculous movie powerful here hoping weather becomes favourable coming day affected looked safe,positive,0.4963,0.6428571428571429,"[('E.T Home', 'ORG'), ('L.A', 'GPE'), ('E.T', 'ORG'), ('L.A', 'GPE'), ('Wales', 'GPE'), ('the coming days', 'DATE')]",reddit,https://www.reddit.com/r/movies/comments/1hxlh24/et_home/,"[{'movie': 0.030609494, 'film': 0.026324794, 'josh': 0.023135385, 'best': 0.021116959, '2025': 0.020319898, 'theater': 0.019929346, 'nosferatu': 0.018979697, 'example': 0.018879183, 'bad': 0.018644204, 'scene': 0.018541832}, {'work': 0.029303119, 'official': 0.02424772, 'man': 0.022986613, 'companion': 0.02245265, 'like': 0.02038665, 'trailer': 0.019819034, 'role': 0.019416621, 'scene': 0.018751485, 'new': 0.018191963, 'land': 0.018178588}, {'best': 0.0341494, 'movie': 0.03371508, 'moore': 0.026196359, 'dark': 0.024689257, 'star': 0.024383346, 'scene': 0.023438985, 'trailer': 0.021807937, 'fun': 0.020857701, 'official': 0.018471409, 'performance': 0.015806373}, {'feel': 0.028094033, 'working': 0.025147963, 'trailer': 0.022335025, 'et': 0.022019861, 'movie': 0.021616353, 'man': 0.01963983, 'official': 0.019031532, 'like': 0.016505206, 'spent': 0.014873584, 'life': 0.014868411}, {'movie': 0.034532577, 'really': 0.021510182, 'land': 0.01971894, 'starring': 0.019064132, 'lost': 0.01766466, 'moment': 0.0156035395, 'time': 0.015482848, 'official': 0.015458546, 'little': 0.014956941, 'perfect': 0.014929011}]"
2025-01-08 21:04:49,"In the Lost Lands | Official Trailer (HD) | Vertical >A Queen sends the powerful and feared sorceress Gray Alys to the ghostly wilderness of the Lost Lands in search of a magical power, where the sorceress and her guide, the drifter Boyce, must outwit and outfight man and demon.

>Starring: Dave Bautista, Milla Jovovich
>
>Directed by: Paul W.S. Anderson
>
>Release Date: March 7, 2025",lost land official trailer hd vertical queen sends powerful feared sorceress gray alys ghostly wilderness lost land search magical power sorceress guide drifter boyce must outwit outfight man demon starring dave bautista milla jovovich directed paul w anderson release date march 7 2025,negative,-0.6124,1.0,"[('the Lost Lands', 'EVENT'), ('Trailer', 'PERSON'), ('Gray Alys', 'PERSON'), ('the Lost Lands', 'FAC'), ('Boyce', 'GPE'), ('Dave Bautista', 'PERSON'), ('Milla Jovovich', 'PERSON'), ('Paul W.S. Anderson', 'PERSON'), ('March 7, 2025', 'DATE')]",reddit,https://youtu.be/CMyrp5Vk3mU?si=bOqyHtIJPJAPiIhX,"[{'movie': 0.030609494, 'film': 0.026324794, 'josh': 0.023135385, 'best': 0.021116959, '2025': 0.020319898, 'theater': 0.019929346, 'nosferatu': 0.018979697, 'example': 0.018879183, 'bad': 0.018644204, 'scene': 0.018541832}, {'work': 0.029303119, 'official': 0.02424772, 'man': 0.022986613, 'companion': 0.02245265, 'like': 0.02038665, 'trailer': 0.019819034, 'role': 0.019416621, 'scene': 0.018751485, 'new': 0.018191963, 'land': 0.018178588}, {'best': 0.0341494, 'movie': 0.03371508, 'moore': 0.026196359, 'dark': 0.024689257, 'star': 0.024383346, 'scene': 0.023438985, 'trailer': 0.021807937, 'fun': 0.020857701, 'official': 0.018471409, 'performance': 0.015806373}, {'feel': 0.028094033, 'working': 0.025147963, 'trailer': 0.022335025, 'et': 0.022019861, 'movie': 0.021616353, 'man': 0.01963983, 'official': 0.019031532, 'like': 0.016505206, 'spent': 0.014873584, 'life': 0.014868411}, {'movie': 0.034532577, 'really': 0.021510182, 'land': 0.01971894, 'starring': 0.019064132, 'lost': 0.01766466, 'moment': 0.0156035395, 'time': 0.015482848, 'official': 0.015458546, 'little': 0.014956941, 'perfect': 0.014929011}]"
2025-01-08 14:45:30,"Rewatching Josey Wales is making me realize how intense the pro confederacy and anti Union rhetoric is in the movie Didn’t realize how blunt and aggressive it is in how it portrays the union as bad and the confederates as good. It’s not grey about it at all lol it’s very black and white.

The union soldiers are shown to be callous, cold, immoral, dishonest, and conniving. 

The confederate soldiers are shown to be noble, moral, straight-shooting, and possessing of humanity and passion.

I understand that the movie is not portraying the entirety of the two sides, but rather the Jayhawkers and the Bushwhackers. The Bushwhackers did horrible things during the conflict and I’ve seen people online say that that provides the grayness to the portrayal of the two sides but the movie doesn’t really show it that way lol. If you only go by the movie, you wouldn’t think too badly of the Bushwhackers side at all. 

As I understand it, Clint is a libertarian so being pro-states rights and anti-big federal government does line up. Plus, when you take into account how the book was written by a KKK member, it also comes together.

Furthermore, while googling about all this stuff, I just found out that, according to Wikipedia at least, Clint Eastwood is a member of the Sons of Confederate Veterans, which is described as “an American neo-Confederate nonprofit organization of male descendants of Confederate soldiers that commemorates these ancestors, funds and dedicates monuments to them, and promotes the pseudohistorical Lost Cause ideology and corresponding white supremacy.”

So that might also explain his sympathetic portrayal of that side.

I def am one to appreciate a nuanced or grey portrayal of war times. Obv in conflicts, not all the “good guys” are morally pure and not all the “bad guys” are evil for evil’s sake. I can appreciate when good guys are shown to be less than perfect and when bad guys are bad for a reason or have nuggets of humanity in otherwise immoral crusades.

But this movie doesn’t seem to do that, as far as I can grasp. The Union guys are evil, bad, vicious, backstabbing, and violent. The Confederacy are noble rebels that are betrayed when surrendering. The Union are like vindictive rabid dogs coming for the kill while that one young confederate soldier shows his humanity by proclaiming his fear of dying.

Obv there’s way more to the film and I’m not covering all that in this post, just this topic specifically. But man, as far as I know, Clint’s character would’ve been part of irl Bill Anderson’s irl massacre where they killed like 160 civilians. Wouldn’t expect that from the way the movie shows things lol.

Anyone else have thoughts on this topic or watch the movie recently enough to have notes on this topic?",rewatching josey wale making realize intense pro confederacy anti union rhetoric movie didnt realize blunt aggressive portrays union bad confederate good grey lol black white union soldier shown callous cold immoral dishonest conniving confederate soldier shown noble moral straightshooting possessing humanity passion understand movie portraying entirety two side rather jayhawkers bushwhacker bushwhacker horrible thing conflict ive seen people online say provides grayness portrayal two side movie doesnt really show way lol go movie wouldnt think badly bushwhacker side understand clint libertarian prostate right antibig federal government line plus take account book written kkk member also come together furthermore googling stuff found according wikipedia least clint eastwood member son confederate veteran described american neoconfederate nonprofit organization male descendant confederate soldier commemorates ancestor fund dedicates monument promotes pseudohistorical lost cause ideology corresponding white supremacy might also explain sympathetic portrayal side def one appreciate nuanced grey portrayal war time obv conflict good guy morally pure bad guy evil evil sake appreciate good guy shown less perfect bad guy bad reason nugget humanity otherwise immoral crusade movie doesnt seem far grasp union guy evil bad vicious backstabbing violent confederacy noble rebel betrayed surrendering union like vindictive rabid dog coming kill one young confederate soldier show humanity proclaiming fear dying obv there way film im covering post topic specifically man far know clints character wouldve part irl bill anderson irl massacre killed like 160 civilian wouldnt expect way movie show thing lol anyone else thought topic watch movie recently enough note topic,negative,-0.9872,0.586038961038961,"[('Josey Wales', 'PERSON'), ('two', 'CARDINAL'), ('Bushwhackers', 'NORP'), ('two', 'CARDINAL'), ('Bushwhackers', 'NORP'), ('Clint', 'PERSON'), ('KKK', 'ORG'), ('Wikipedia', 'ORG'), ('Clint Eastwood', 'PERSON'), ('American', 'NORP'), ('Confederate', 'ORG'), ('Lost Cause', 'ORG'), ('Union', 'ORG'), ('one', 'CARDINAL'), ('Clint', 'ORG'), ('Bill Anderson’s', 'PERSON'), ('160', 'CARDINAL')]",reddit,https://www.reddit.com/r/movies/comments/1hwfzs2/rewatching_josey_wales_is_making_me_realize_how/,"[{'movie': 0.030609494, 'film': 0.026324794, 'josh': 0.023135385, 'best': 0.021116959, '2025': 0.020319898, 'theater': 0.019929346, 'nosferatu': 0.018979697, 'example': 0.018879183, 'bad': 0.018644204, 'scene': 0.018541832}, {'work': 0.029303119, 'official': 0.02424772, 'man': 0.022986613, 'companion': 0.02245265, 'like': 0.02038665, 'trailer': 0.019819034, 'role': 0.019416621, 'scene': 0.018751485, 'new': 0.018191963, 'land': 0.018178588}, {'best': 0.0341494, 'movie': 0.03371508, 'moore': 0.026196359, 'dark': 0.024689257, 'star': 0.024383346, 'scene': 0.023438985, 'trailer': 0.021807937, 'fun': 0.020857701, 'official': 0.018471409, 'performance': 0.015806373}, {'feel': 0.028094033, 'working': 0.025147963, 'trailer': 0.022335025, 'et': 0.022019861, 'movie': 0.021616353, 'man': 0.01963983, 'official': 0.019031532, 'like': 0.016505206, 'spent': 0.014873584, 'life': 0.014868411}, {'movie': 0.034532577, 'really': 0.021510182, 'land': 0.01971894, 'starring': 0.019064132, 'lost': 0.01766466, 'moment': 0.0156035395, 'time': 0.015482848, 'official': 0.015458546, 'little': 0.014956941, 'perfect': 0.014929011}]"
2025-01-09 00:23:03,"Little Miss Sunshine, the cinematic hug I really needed today. I was feeling really down and needed something to lift my spirits. Many in this sub suggested Little Miss Sunshine, and I’m so glad they did.

The movie follows this messy, dysfunctional family on a chaotic road trip to support Olive, the youngest, in her dream of competing in a beauty pageant. The characters felt so real—flawed but relatable—and the humor struck a perfect balance between dark and heartwarming. Olive’s innocence and determination completely stole my heart.

By the time the final pageant scene came around, I was laughing through tears. It was such a beautiful reminder that life doesn’t have to be perfect to be meaningful, and even in the chaos, there’s love and hope. Watching it felt like a much-needed hug.

",little miss sunshine cinematic hug really needed today feeling really needed something lift spirit many sub suggested little miss sunshine im glad movie follows messy dysfunctional family chaotic road trip support olive youngest dream competing beauty pageant character felt realflawed relatableand humor struck perfect balance dark heartwarming olive innocence determination completely stole heart time final pageant scene came around laughing tear beautiful reminder life doesnt perfect meaningful even chaos there love hope watching felt like muchneeded hug,positive,0.9926,0.5875,"[('Sunshine', 'PERSON'), ('today', 'DATE'), ('Sunshine', 'PERSON'), ('Olive', 'ORG')]",reddit,https://www.reddit.com/r/movies/comments/1hwrqwl/little_miss_sunshine_the_cinematic_hug_i_really/,"[{'movie': 0.030609494, 'film': 0.026324794, 'josh': 0.023135385, 'best': 0.021116959, '2025': 0.020319898, 'theater': 0.019929346, 'nosferatu': 0.018979697, 'example': 0.018879183, 'bad': 0.018644204, 'scene': 0.018541832}, {'work': 0.029303119, 'official': 0.02424772, 'man': 0.022986613, 'companion': 0.02245265, 'like': 0.02038665, 'trailer': 0.019819034, 'role': 0.019416621, 'scene': 0.018751485, 'new': 0.018191963, 'land': 0.018178588}, {'best': 0.0341494, 'movie': 0.03371508, 'moore': 0.026196359, 'dark': 0.024689257, 'star': 0.024383346, 'scene': 0.023438985, 'trailer': 0.021807937, 'fun': 0.020857701, 'official': 0.018471409, 'performance': 0.015806373}, {'feel': 0.028094033, 'working': 0.025147963, 'trailer': 0.022335025, 'et': 0.022019861, 'movie': 0.021616353, 'man': 0.01963983, 'official': 0.019031532, 'like': 0.016505206, 'spent': 0.014873584, 'life': 0.014868411}, {'movie': 0.034532577, 'really': 0.021510182, 'land': 0.01971894, 'starring': 0.019064132, 'lost': 0.01766466, 'moment': 0.0156035395, 'time': 0.015482848, 'official': 0.015458546, 'little': 0.014956941, 'perfect': 0.014929011}]"
2025-01-09 03:20:20,"Mike Nichols once told Peter Weller that he shouldn't say Children of Paradise is his favorite film, because it's everyone's favorite film. Here's the introduction of Baptiste in 1946's Children of Paradise ",mike nichols told peter weller shouldnt say child paradise favorite film everyones favorite film here introduction baptiste 1946s child paradise,negative,-0.1867,1.0,"[('Mike Nichols', 'PERSON'), ('Peter Weller', 'PERSON'), ('Children of Paradise', 'ORG'), ('1946', 'DATE'), ('Children of Paradise', 'WORK_OF_ART')]",reddit,https://www.youtube.com/watch?v=0ABzfKzwA7g,"[{'movie': 0.030609494, 'film': 0.026324794, 'josh': 0.023135385, 'best': 0.021116959, '2025': 0.020319898, 'theater': 0.019929346, 'nosferatu': 0.018979697, 'example': 0.018879183, 'bad': 0.018644204, 'scene': 0.018541832}, {'work': 0.029303119, 'official': 0.02424772, 'man': 0.022986613, 'companion': 0.02245265, 'like': 0.02038665, 'trailer': 0.019819034, 'role': 0.019416621, 'scene': 0.018751485, 'new': 0.018191963, 'land': 0.018178588}, {'best': 0.0341494, 'movie': 0.03371508, 'moore': 0.026196359, 'dark': 0.024689257, 'star': 0.024383346, 'scene': 0.023438985, 'trailer': 0.021807937, 'fun': 0.020857701, 'official': 0.018471409, 'performance': 0.015806373}, {'feel': 0.028094033, 'working': 0.025147963, 'trailer': 0.022335025, 'et': 0.022019861, 'movie': 0.021616353, 'man': 0.01963983, 'official': 0.019031532, 'like': 0.016505206, 'spent': 0.014873584, 'life': 0.014868411}, {'movie': 0.034532577, 'really': 0.021510182, 'land': 0.01971894, 'starring': 0.019064132, 'lost': 0.01766466, 'moment': 0.0156035395, 'time': 0.015482848, 'official': 0.015458546, 'little': 0.014956941, 'perfect': 0.014929011}]"
